Rank,Name,Rating,Year,Duration,PG Rating,Description,Director,Writers,Stars
1, The Shawshank Redemption,9.3,1994,2h 22m,R,"A banker convicted of uxoricide forms a friendship over a quarter century with a hardened convict, while maintaining his innocence and trying to remain hopeful through simple compassion.",Frank Darabont,Stephen King,"Tim Robbins, Morgan Freeman, Bob Gunton"
2, The Godfather,9.2,1972,2h 55m,R,The aging patriarch of an organized crime dynasty transfers control of his clandestine empire to his reluctant son.,Francis Ford Coppola,Mario Puzo,"Marlon Brando, Al Pacino, James Caan"
3, The Dark Knight,9.0,2008,2h 32m,PG-13,"When a menace known as the Joker wreaks havoc and chaos on the people of Gotham, Batman, James Gordon and Harvey Dent must work together to put an end to the madness.",Christopher Nolan,Jonathan Nolan,"Christian Bale, Heath Ledger, Aaron Eckhart"
4, The Godfather Part II,9.0,1974,3h 22m,R,"The early life and career of Vito Corleone in 1920s New York City is portrayed, while his son, Michael, expands and tightens his grip on the family crime syndicate.",Francis Ford Coppola,Francis Ford Coppola,"Al Pacino, Robert De Niro, Robert Duvall"
5, 12 Angry Men,9.0,1957,1h 36m,Approved,The jury in a New York City murder trial is frustrated by a single member whose skeptical caution forces them to more carefully consider the evidence before jumping to a hasty verdict.,Sidney Lumet,Reginald Rose,"Henry Fonda, Lee J. Cobb, Martin Balsam"
6, The Lord of the Rings: The Return of the King,9.0,2003,3h 21m,PG-13,Gandalf and Aragorn lead the World of Men against Sauron's army to draw his gaze from Frodo and Sam as they approach Mount Doom with the One Ring.,Peter Jackson,J.R.R. Tolkien,"Elijah Wood, Viggo Mortensen, Ian McKellen"
7, Schindler's List,9.0,1993,3h 15m,R,"In German-occupied Poland during World War II, industrialist Oskar Schindler gradually becomes concerned for his Jewish workforce after witnessing their persecution by the Nazis.",Steven Spielberg,Thomas Keneally,"Liam Neeson, Ralph Fiennes, Ben Kingsley"
8, Pulp Fiction,8.9,1994,2h 34m,R,"The lives of two mob hitmen, a boxer, a gangster and his wife, and a pair of diner bandits intertwine in four tales of violence and redemption.",Quentin Tarantino,Quentin Tarantino,"John Travolta, Uma Thurman, Samuel L. Jackson"
9, The Lord of the Rings: The Fellowship of the Ring,8.9,2001,2h 58m,PG-13,A meek Hobbit from the Shire and eight companions set out on a journey to destroy the powerful One Ring and save Middle-earth from the Dark Lord Sauron.,Peter Jackson,J.R.R. Tolkien,"Elijah Wood, Ian McKellen, Orlando Bloom"
10," The Good, the Bad and the Ugly",8.8,1966,2h 58m,R,A bounty hunting scam joins two men in an uneasy alliance against a third in a race to find a fortune in gold buried in a remote cemetery.,Sergio Leone,Luciano Vincenzoni,"Clint Eastwood, Eli Wallach, Lee Van Cleef"
11, Forrest Gump,8.8,1994,2h 22m,PG-13,"The history of the United States from the 1950s to the '70s unfolds from the perspective of an Alabama man with an IQ of 75, who yearns to be reunited with his childhood sweetheart.",Robert Zemeckis,Winston Groom,"Tom Hanks, Robin Wright, Gary Sinise"
12, The Lord of the Rings: The Two Towers,8.8,2002,2h 59m,PG-13,"While Frodo and Sam edge closer to Mordor with the help of the shifty Gollum, the divided fellowship makes a stand against Sauron's new ally, Saruman, and his hordes of Isengard.",Peter Jackson,J.R.R. Tolkien,"Elijah Wood, Ian McKellen, Viggo Mortensen"
13, Fight Club,8.8,1999,2h 19m,R,An insomniac office worker and a devil-may-care soap maker form an underground fight club that evolves into much more.,David Fincher,Chuck Palahniuk,"Brad Pitt, Edward Norton, Meat Loaf"
14, Inception,8.8,2010,2h 28m,PG-13,"A thief who steals corporate secrets through the use of dream-sharing technology is given the inverse task of planting an idea into the mind of a C.E.O., but his tragic past may doom the pro...Read all",Christopher Nolan,Christopher Nolan,"Leonardo DiCaprio, Joseph Gordon-Levitt, Elliot Page"
15, Star Wars: Episode V - The Empire Strikes Back,8.7,1980,2h 4m,PG,"After the Empire overpowers the Rebel Alliance, Luke Skywalker begins his Jedi training with Yoda. At the same time, Darth Vader and bounty hunter Boba Fett pursue his friends across the gal...Read all",Irvin Kershner,Leigh Brackett,"Mark Hamill, Harrison Ford, Carrie Fisher"
16, The Matrix,8.7,1999,2h 16m,R,"When a beautiful stranger leads computer hacker Neo to a forbidding underworld, he discovers the shocking truth--the life he knows is the elaborate deception of an evil cyber-intelligence.",Lana Wachowski,Lilly Wachowski,"Keanu Reeves, Laurence Fishburne, Carrie-Anne Moss"
17, Goodfellas,8.7,1990,2h 25m,R,"The story of Henry Hill and his life in the mafia, covering his relationship with his wife Karen and his mob partners Jimmy Conway and Tommy DeVito.",Martin Scorsese,Nicholas Pileggi,"Robert De Niro, Ray Liotta, Joe Pesci"
18, One Flew Over the Cuckoo's Nest,8.7,1975,2h 13m,R,"In the Fall of 1963, a Korean War veteran and criminal pleads insanity and is admitted to a mental institution, where he rallies up the scared patients against the tyrannical nurse.",Milos Forman,Lawrence Hauben,"Jack Nicholson, Louise Fletcher, Michael Berryman"
19, Interstellar,8.7,2014,2h 49m,PG-13,"When Earth becomes uninhabitable in the future, a farmer and ex-NASA pilot, Joseph Cooper, is tasked to pilot a spacecraft, along with a team of researchers, to find a new planet for humans.",Christopher Nolan,Jonathan Nolan,"Matthew McConaughey, Anne Hathaway, Jessica Chastain"
20, Se7en,8.6,1995,2h 7m,R,"Two detectives, a rookie and a veteran, hunt a serial killer who uses the seven deadly sins as his motives.",David Fincher,Andrew Kevin Walker,"Morgan Freeman, Brad Pitt, Kevin Spacey"
21, It's a Wonderful Life,8.6,1946,2h 10m,PG,An angel is sent from Heaven to help a desperately frustrated businessman by showing him what life would have been like if he had never existed.,Frank Capra,Frances Goodrich,"James Stewart, Donna Reed, Lionel Barrymore"
22, Seven Samurai,8.6,1954,3h 27m,Not Rated,"Farmers from a village exploited by bandits hire a veteran samurai for protection, and he gathers six other samurai to join him.",Akira Kurosawa,Akira Kurosawa,"Toshirô Mifune, Takashi Shimura, Keiko Tsushima"
23, The Silence of the Lambs,8.6,1991,1h 58m,R,"A young F.B.I. cadet must receive the help of an incarcerated and manipulative cannibal killer to help catch another serial killer, a madman who skins his victims.",Jonathan Demme,Thomas Harris,"Jodie Foster, Anthony Hopkins, Scott Glenn"
24, Saving Private Ryan,8.6,1998,2h 49m,R,"Following the Normandy Landings, a group of U.S. soldiers go behind enemy lines to retrieve a paratrooper whose brothers have been killed in action.",Steven Spielberg,Robert Rodat,"Tom Hanks, Matt Damon, Tom Sizemore"
25, City of God,8.6,2002,2h 10m,R,"In the slums of Rio, two kids' paths diverge as one struggles to become a photographer and the other a kingpin.",Fernando Meirelles,Kátia Lund,"Alexandre Rodrigues, Leandro Firmino, Matheus Nachtergaele"
26, The Green Mile,8.6,1999,3h 9m,R,"Paul Edgecomb, the head guard of a prison, meets an inmate, John Coffey, a black man who is accused of murdering two girls. His life changes drastically when he discovers that John has a spe...Read all",Frank Darabont,Stephen King,"Tom Hanks, Michael Clarke Duncan, David Morse"
27, Life Is Beautiful,8.6,1997,1h 56m,PG-13,"When an open-minded Jewish waiter and his son become victims of the Holocaust, he uses a perfect mixture of will, humor and imagination to protect his son from the dangers around their camp.",Roberto Benigni,Vincenzo Cerami,"Roberto Benigni, Nicoletta Braschi, Giorgio Cantarini"
28, Terminator 2: Judgment Day,8.6,1991,2h 17m,R,"A cyborg, identical to the one who failed to kill Sarah Connor, must now protect her ten year old son John from an even more advanced and powerful cyborg.",James Cameron,James Cameron,"Arnold Schwarzenegger, Linda Hamilton, Edward Furlong"
29, Star Wars: Episode IV - A New Hope,8.6,1977,2h 1m,PG,"Luke Skywalker joins forces with a Jedi Knight, a cocky pilot, a Wookiee and two droids to save the galaxy from the Empire's world-destroying battle station, while also attempting to rescue ...Read all",George Lucas,George Lucas,"Mark Hamill, Harrison Ford, Carrie Fisher"
30, Back to the Future,8.5,1985,1h 56m,PG,"Marty McFly, a 17-year-old high school student, is accidentally sent 30 years into the past in a time-traveling DeLorean invented by his close friend, the maverick scientist Doc Brown.",Robert Zemeckis,Robert Zemeckis,"Michael J. Fox, Christopher Lloyd, Lea Thompson"
31, Spirited Away,8.6,2001,2h 4m,PG,"During her family's move to the suburbs, a sullen 10-year-old girl wanders into a world ruled by gods, witches and spirits, and where humans are changed into beasts.",Hayao Miyazaki,Hayao Miyazaki,"Daveigh Chase, Suzanne Pleshette, Miyu Irino"
32, The Pianist,8.5,2002,2h 30m,R,"During WWII, acclaimed Polish musician Wladyslaw faces various struggles as he loses contact with his family. As the situation worsens, he hides in the ruins of Warsaw in order to survive.",Roman Polanski,Ronald Harwood,"Adrien Brody, Thomas Kretschmann, Frank Finlay"
33, Parasite,8.5,2019,2h 12m,R,Greed and class discrimination threaten the newly formed symbiotic relationship between the wealthy Park family and the destitute Kim clan.,Bong Joon Ho,Bong Joon Ho,"Song Kang-ho, Lee Sun-kyun, Cho Yeo-jeong"
34, Gladiator,8.5,2000,2h 35m,R,A former Roman General sets out to exact vengeance against the corrupt emperor who murdered his family and sent him into slavery.,Ridley Scott,David Franzoni,"Russell Crowe, Joaquin Phoenix, Connie Nielsen"
35, Psycho,8.5,1960,1h 49m,R,A secretary on the run for embezzlement takes refuge at a secluded California motel owned by a repressed man and his overbearing mother.,Alfred Hitchcock,Joseph Stefano,"Anthony Perkins, Janet Leigh, Vera Miles"
36, The Lion King,8.5,1994,1h 28m,G,"Lion prince Simba and his father are targeted by his bitter uncle, who wants to ascend the throne himself.",Roger Allers,Rob Minkoff,"Matthew Broderick, Jeremy Irons, James Earl Jones"
37, The Departed,8.5,2006,2h 31m,R,An undercover cop and a mole in the police attempt to identify each other while infiltrating an Irish gang in South Boston.,Martin Scorsese,William Monahan,"Leonardo DiCaprio, Matt Damon, Jack Nicholson"
38, Spider-Man: Across the Spider-Verse,8.6,2023,2h 20m,PG,"Miles Morales catapults across the multiverse, where he encounters a team of Spider-People charged with protecting its very existence. When the heroes clash on how to handle a new threat, Mi...Read all",Joaquim Dos Santos,Kemp Powers,"Shameik Moore, Hailee Steinfeld, Brian Tyree Henry"
39, Grave of the Fireflies,8.5,1988,1h 28m,Not Rated,A young boy and his little sister struggle to survive in Japan during World War II.,Isao Takahata,Akiyuki Nosaka,"Tsutomu Tatsumi, Ayano Shiraishi, Akemi Yamaguchi"
40, Whiplash,8.5,2014,1h 46m,R,A promising young drummer enrolls at a cut-throat music conservatory where his dreams of greatness are mentored by an instructor who will stop at nothing to realize a student's potential.,Damien Chazelle,Damien Chazelle,"Miles Teller, J.K. Simmons, Melissa Benoist"
41, American History X,8.5,1998,1h 59m,R,"Living a life marked by violence, neo-Nazi Derek finally goes to prison after killing two black youths. Upon his release, Derek vows to change; he hopes to prevent his brother, Danny, who id...Read all",Tony Kaye,David McKenna,"Edward Norton, Edward Furlong, Beverly D'Angelo"
42, Léon: The Professional,8.5,1994,1h 50m,R,"12-year-old Mathilda is reluctantly taken in by Léon, a professional assassin, after her family is murdered. An unusual relationship forms as she becomes his protégée and learns the assassin...Read all",Luc Besson,Luc Besson,"Jean Reno, Gary Oldman, Natalie Portman"
43, The Prestige,8.5,2006,2h 10m,PG-13,Rival 19th-century magicians engage in a bitter battle for trade secrets.,Christopher Nolan,Jonathan Nolan,"Christian Bale, Hugh Jackman, Scarlett Johansson"
44, Harakiri,8.6,1962,2h 13m,Not Rated,"When a ronin requesting seppuku at a feudal lord's palace is told of the brutal suicide of another ronin who previously visited, he reveals how their pasts are intertwined - and in doing so ...Read all",Masaki Kobayashi,Yasuhiko Takiguchi,"Tatsuya Nakadai, Akira Ishihama, Shima Iwashita"
45, Casablanca,8.5,1942,1h 42m,PG,A cynical expatriate American cafe owner struggles to decide whether or not to help his former lover and her fugitive husband escape the Nazis in French Morocco.,Michael Curtiz,Julius J. Epstein,"Humphrey Bogart, Ingrid Bergman, Paul Henreid"
46, The Usual Suspects,8.5,1995,1h 46m,R,The sole survivor of a pier shoot-out tells the story of how a notorious criminal influenced the events that began with five criminals meeting in a seemingly random police lineup.,Bryan Singer,Christopher McQuarrie,"Kevin Spacey, Gabriel Byrne, Chazz Palminteri"
47, The Intouchables,8.5,2011,1h 52m,R,"After he becomes a quadriplegic from a paragliding accident, an aristocrat hires a young man from the projects to be his caregiver.",Olivier Nakache,Éric Toledano,"François Cluzet, Omar Sy, Anne Le Ny"
48, Cinema Paradiso,8.5,1988,2h 54m,PG,"Salvatore, a famous film director, returns to his hometown for the funeral of the local theater's film projectionist, Alfredo. He reminisces about his life as a young boy falling in love wit...Read all",Giuseppe Tornatore,Giuseppe Tornatore,"Philippe Noiret, Enzo Cannavale, Antonella Attili"
49, Dune: Part Two,8.5,2024,2h 46m,PG-13,Paul Atreides unites with the Fremen while on a warpath of revenge against the conspirators who destroyed his family. Facing a choice between the love of his life and the fate of the univers...Read all,Denis Villeneuve,Denis Villeneuve,"Timothée Chalamet, Zendaya, Rebecca Ferguson"
50, Modern Times,8.5,1936,1h 27m,G,The Tramp struggles to live in modern industrial society with the help of a young homeless woman.,Charles Chaplin,Charles Chaplin,"Charles Chaplin, Paulette Goddard, Henry Bergman"
51, Alien,8.5,1979,1h 57m,R,"After investigating a mysterious transmission of unknown origin, the crew of a commercial spacecraft encounters a deadly lifeform.",Ridley Scott,Dan O'Bannon,"Sigourney Weaver, Tom Skerritt, John Hurt"
52, Rear Window,8.5,1954,1h 52m,PG,A bored photographer recovering from a broken leg passes the time by watching his neighbors and begins to suspect one of them of murder.,Alfred Hitchcock,John Michael Hayes,"James Stewart, Grace Kelly, Wendell Corey"
53, Once Upon a Time in the West,8.5,1968,2h 46m,PG-13,A mysterious stranger with a harmonica joins forces with a notorious desperado to protect a beautiful widow from a ruthless assassin working for the railroad.,Sergio Leone,Sergio Donati,"Henry Fonda, Charles Bronson, Claudia Cardinale"
54, Django Unchained,8.5,2012,2h 45m,R,"With the help of a German bounty-hunter, a freed slave sets out to rescue his wife from a brutal plantation owner in Mississippi.",Quentin Tarantino,Quentin Tarantino,"Jamie Foxx, Christoph Waltz, Leonardo DiCaprio"
55, City Lights,8.5,1931,1h 27m,G,"With the aid of a wealthy erratic tippler, a dewy-eyed tramp who has fallen in love with a sightless flower girl accumulates money to be able to help her medically.",Charles Chaplin,Charles Chaplin,"Charles Chaplin, Virginia Cherrill, Florence Lee"
56, Apocalypse Now,8.4,1979,2h 27m,R,A U.S. Army officer serving in Vietnam is tasked with assassinating a renegade Special Forces Colonel who sees himself as a god.,Francis Ford Coppola,John Milius,"Martin Sheen, Marlon Brando, Robert Duvall"
57, Memento,8.4,2000,1h 53m,R,"Leonard Shelby, an insurance investigator, suffers from anterograde amnesia and uses notes and tattoos to hunt for the man he thinks killed his wife, which is the last thing he remembers.",Christopher Nolan,Christopher Nolan,"Guy Pearce, Carrie-Anne Moss, Joe Pantoliano"
58, WALL·E,8.4,2008,1h 38m,G,"A robot who is responsible for cleaning a waste-covered Earth meets another robot and falls in love with her. Together, they set out on a journey that will alter the fate of mankind.",Andrew Stanton,Andrew Stanton,"Ben Burtt, Elissa Knight, Jeff Garlin"
59, Indiana Jones and the Raiders of the Lost Ark,8.4,1981,1h 55m,PG,"In 1936, archaeologists and adventurers of the U.S. government hired Indiana Jones to find the Ark of the Covenant before the Nazis could obtain its extraordinary powers.",Steven Spielberg,Lawrence Kasdan,"Harrison Ford, Karen Allen, Paul Freeman"
60, The Lives of Others,8.4,2006,2h 17m,R,"In 1984 East Berlin, an agent of the secret police conducting surveillance on a writer and his lover finds himself becoming increasingly absorbed by their lives.",Florian Henckel von Donnersmarck,Florian Henckel von Donnersmarck,"Ulrich Mühe, Martina Gedeck, Sebastian Koch"
61, 12th Fail,8.8,2023,2h 27m,N/A,The real-life story of IPS Officer Manoj Kumar Sharma and IRS Officer Shraddha Joshi.,Vidhu Vinod Chopra,Vidhu Vinod Chopra,"Vikrant Massey, Medha Shankr, Anant Joshi"
62, Sunset Boulevard,8.4,1950,1h 50m,Approved,A screenwriter develops a dangerous relationship with a faded film star determined to make a triumphant return.,Billy Wilder,Charles Brackett,"William Holden, Gloria Swanson, Erich von Stroheim"
63, Avengers: Infinity War,8.4,2018,2h 29m,PG-13,The Avengers and their allies must be willing to sacrifice all in an attempt to defeat the powerful Thanos before his blitz of devastation and ruin puts an end to the universe.,Anthony Russo,Joe Russo,"Robert Downey Jr., Chris Hemsworth, Mark Ruffalo"
64, Spider-Man: Into the Spider-Verse,8.4,2018,1h 57m,PG,Teen Miles Morales becomes the Spider-Man of his universe and must join with five spider-powered individuals from other dimensions to stop a threat for all realities.,Bob Persichetti,Peter Ramsey,"Shameik Moore, Jake Johnson, Hailee Steinfeld"
65, Paths of Glory,8.4,1957,1h 28m,Approved,A colonel defends three of his soldiers in a court-martial after they abandon a suicidal attack.,Stanley Kubrick,Stanley Kubrick,"Kirk Douglas, Ralph Meeker, Adolphe Menjou"
66, Witness for the Prosecution,8.4,1957,1h 56m,Approved,A veteran British barrister must defend his client in a murder trial that has surprise after surprise.,Billy Wilder,Agatha Christie,"Tyrone Power, Marlene Dietrich, Charles Laughton"
67, The Shining,8.4,1980,2h 26m,R,"A family heads to an isolated hotel for the winter, where a sinister presence influences the father into violence. At the same time, his psychic son sees horrifying forebodings from both the...Read all",Stanley Kubrick,Stephen King,"Jack Nicholson, Shelley Duvall, Danny Lloyd"
68, The Great Dictator,8.4,1940,2h 5m,G,Dictator Adenoid Hynkel tries to expand his empire while a poor Jewish barber tries to avoid persecution from Hynkel's regime.,Charles Chaplin,Charles Chaplin,"Charles Chaplin, Paulette Goddard, Jack Oakie"
69, Aliens,8.4,1986,2h 17m,R,"Decades after surviving the Nostromo incident, Ellen Ripley is sent out to re-establish contact with a terraforming colony but finds herself battling the Alien Queen and her offspring.",James Cameron,James Cameron,"Sigourney Weaver, Michael Biehn, Carrie Henn"
70, Inglourious Basterds,8.4,2009,2h 33m,R,"In Nazi-occupied France during World War II, a plan to assassinate Nazi leaders by a group of Jewish U.S. soldiers coincides with a theatre owner's vengeful plans for the same.",Quentin Tarantino,Quentin Tarantino,"Brad Pitt, Diane Kruger, Eli Roth"
71, The Dark Knight Rises,8.4,2012,2h 44m,PG-13,"Bane, an imposing terrorist, attacks Gotham City and disrupts its eight-year-long period of peace. This forces Bruce Wayne to come out of hiding and don the cape and cowl of Batman again.",Christopher Nolan,Jonathan Nolan,"Christian Bale, Tom Hardy, Anne Hathaway"
72, Coco,8.4,2017,1h 45m,PG,"Aspiring musician Miguel, confronted with his family's ancestral ban on music, enters the Land of the Dead to find his great-great-grandfather, a legendary singer.",Lee Unkrich,Adrian Molina,"Anthony Gonzalez, Gael García Bernal, Benjamin Bratt"
73, Amadeus,8.4,1984,2h 40m,PG,"The life, success and troubles of Wolfgang Amadeus Mozart, as told by Antonio Salieri, the contemporaneous composer who was deeply jealous of Mozart's talent and claimed to have murdered him...Read all",Milos Forman,Peter Shaffer,"F. Murray Abraham, Tom Hulce, Elizabeth Berridge"
74, Toy Story,8.3,1995,1h 21m,G,A cowboy doll is profoundly threatened and jealous when a new spaceman action figure supplants him as top toy in a boy's bedroom.,John Lasseter,John Lasseter,"Tom Hanks, Tim Allen, Don Rickles"
75, Dr,8.3,1964,1h 35m,PG,"An unhinged American general orders a bombing attack on the Soviet Union, triggering a path to nuclear holocaust that a war room full of politicians and generals frantically tries to stop.",Stanley Kubrick,Stanley Kubrick,"Peter Sellers, George C. Scott, Sterling Hayden"
76, Oldboy,8.3,2003,2h,R,"After being kidnapped and imprisoned for fifteen years, Oh Dae-Su is released, only to find that he must track down his captor in five days.",Park Chan-wook,Garon Tsuchiya,"Choi Min-sik, Yoo Ji-tae, Kang Hye-jeong"
77, American Beauty,8.3,1999,2h 2m,R,A sexually frustrated suburban father has a mid-life crisis after becoming infatuated with his daughter's best friend.,Sam Mendes,Alan Ball,"Kevin Spacey, Annette Bening, Thora Birch"
78, Avengers: Endgame,8.4,2019,3h 1m,PG-13,"After the devastating events of Avengers: Infinity War (2018), the universe is in ruins. With the help of remaining allies, the Avengers assemble once more in order to reverse Thanos' action...Read all",Anthony Russo,Joe Russo,"Robert Downey Jr., Chris Evans, Mark Ruffalo"
79, Good Will Hunting,8.3,1997,2h 6m,R,"Will Hunting, a janitor at MIT, has a gift for mathematics, but needs help from a psychologist to find direction in his life.",Gus Van Sant,Matt Damon,"Robin Williams, Matt Damon, Ben Affleck"
80, Das Boot,8.4,1981,2h 29m,N/A,A German U-boat stalks the frigid waters of the North Atlantic as its young crew experience the sheer terror and claustrophobic life of a submariner in World War II.,Wolfgang Petersen,Wolfgang Petersen,"Jürgen Prochnow, Herbert Grönemeyer, Klaus Wennemann"
81, Braveheart,8.3,1995,2h 58m,R,Scottish warrior William Wallace leads his countrymen in a rebellion to free his homeland from the tyranny of King Edward I of England.,Mel Gibson,Randall Wallace,"Mel Gibson, Sophie Marceau, Patrick McGoohan"
82, Princess Mononoke,8.3,1997,2h 13m,PG-13,"On a journey to find the cure for a Tatarigami's curse, Ashitaka finds himself in the middle of a war between the forest gods and Tatara, a mining colony. In this quest he also meets San, th...Read all",Hayao Miyazaki,Hayao Miyazaki,"Yôji Matsuda, Yuriko Ishida, Yûko Tanaka"
83, Your Name,8.4,2016,1h 46m,N/A,"Two teenagers share a profound, magical connection upon discovering they are swapping bodies. Things manage to become even more complicated when the boy and girl decide to meet in person.",Makoto Shinkai,Makoto Shinkai,"Ryunosuke Kamiki, Mone Kamishiraishi, Ryo Narita"
84, High and Low,8.4,1963,2h 23m,Not Rated,An executive of a Yokohama shoe company becomes a victim of extortion when his chauffeur's son is kidnapped by mistake and held for ransom.,Akira Kurosawa,Hideo Oguni,"Toshirô Mifune, Yutaka Sada, Tatsuya Nakadai"
85, Joker,8.4,2019,2h 2m,R,"Arthur Fleck, a party clown and a failed stand-up comedian, leads an impoverished life with his ailing mother. However, when society shuns him and brands him as a freak, he decides to embrac...Read all",Todd Phillips,Todd Phillips,"Joaquin Phoenix, Robert De Niro, Zazie Beetz"
86, 3 Idiots,8.4,2009,2h 50m,PG-13,"Two friends are searching for their long lost companion. They revisit their college days and recall the memories of their friend who inspired them to think differently, even as the rest of t...Read all",Rajkumar Hirani,Abhijat Joshi,"Aamir Khan, Madhavan, Mona Singh"
87, Once Upon a Time in America,8.3,1984,3h 49m,R,"A former Prohibition-era Jewish gangster returns to the Lower East Side of Manhattan 35 years later, where he must once again confront the ghosts and regrets of his old life.",Sergio Leone,Harry Grey,"Robert De Niro, James Woods, Elizabeth McGovern"
88, Singin' in the Rain,8.3,1952,1h 43m,G,A silent film star falls for a chorus girl just as he and his delusionally jealous screen partner are trying to make the difficult transition to talking pictures in 1920s Hollywood.,Stanley Donen,Gene Kelly,"Gene Kelly, Donald O'Connor, Debbie Reynolds"
89, Capernaum,8.4,2018,2h 6m,R,"While serving a five-year sentence for a violent crime, a 12-year-old boy sues his parents for neglect.",Nadine Labaki,Nadine Labaki,"Zain Al Rafeea, Yordanos Shiferaw, Boluwatife Treasure Bankole"
90, Come and See,8.3,1985,2h 22m,Not Rated,"After finding an old rifle, a young boy joins the Soviet resistance movement against ruthless German forces and experiences the horrors of World War II.",Elem Klimov,Ales Adamovich,"Aleksey Kravchenko, Olga Mironova, Liubomiras Laucevicius"
91, Requiem for a Dream,8.3,2000,1h 42m,NC-17,The drug-induced utopias of four Coney Island people are shattered when their addictions run deep.,Darren Aronofsky,Hubert Selby Jr.,"Ellen Burstyn, Jared Leto, Jennifer Connelly"
92, Toy Story 3,8.3,2010,1h 43m,G,"The toys are mistakenly delivered to a day-care center instead of the attic right before Andy leaves for college, and it's up to Woody to convince the other toys that they weren't abandoned ...Read all",Lee Unkrich,John Lasseter,"Tom Hanks, Tim Allen, Joan Cusack"
93, Star Wars: Episode VI - Return of the Jedi,8.3,1983,2h 11m,PG,"After rescuing Han Solo from Jabba the Hutt, the Rebel Alliance attempts to destroy the second Death Star while Luke struggles to help Darth Vader back from the dark side.",Richard Marquand,Lawrence Kasdan,"Mark Hamill, Harrison Ford, Carrie Fisher"
94, The Hunt,8.3,2012,1h 55m,R,"A teacher lives a lonely life, all the while struggling over his son's custody. His life slowly gets better as he finds love and receives good news from his son, but his new luck is about to...Read all",Thomas Vinterberg,Thomas Vinterberg,"Mads Mikkelsen, Thomas Bo Larsen, Annika Wedderkopp"
95, Eternal Sunshine of the Spotless Mind,8.3,2004,1h 48m,R,"When their relationship turns sour, a couple undergoes a medical procedure to have each other erased from their memories forever.",Michel Gondry,Charlie Kaufman,"Jim Carrey, Kate Winslet, Tom Wilkinson"
96, Ikiru,8.3,1952,2h 23m,Not Rated,A bureaucrat tries to find meaning in his life after he discovers he has terminal cancer.,Akira Kurosawa,Akira Kurosawa,"Takashi Shimura, Nobuo Kaneko, Shin'ichi Himori"
97, 2001: A Space Odyssey,8.3,1968,2h 29m,G,"When a mysterious artifact is uncovered on the Moon, a spacecraft manned by two humans and one supercomputer is sent to Jupiter to find its origins.",Stanley Kubrick,Stanley Kubrick,"Keir Dullea, Gary Lockwood, William Sylvester"
98, Reservoir Dogs,8.3,1992,1h 39m,R,"When a simple jewelry heist goes horribly wrong, the surviving criminals begin to suspect that one of them is a police informant.",Quentin Tarantino,Quentin Tarantino,"Harvey Keitel, Tim Roth, Michael Madsen"
99, Lawrence of Arabia,8.3,1962,3h 47m,PG,"The story of T.E. Lawrence, the English officer who successfully united and led the diverse, often warring, Arab tribes during World War I in order to fight the Turks.",David Lean,Robert Bolt,"Peter O'Toole, Alec Guinness, Anthony Quinn"
100, The Apartment,8.3,1960,2h 5m,Approved,"A Manhattan insurance clerk tries to rise in his company by letting its executives use his apartment for trysts, but office politics and his own romantic hopes complicate matters.",Billy Wilder,Billy Wilder,"Jack Lemmon, Shirley MacLaine, Fred MacMurray"
101, Incendies,8.3,2010,2h 11m,R,Twins journey to the Middle East to discover their family history and fulfill their mother's last wishes.,Denis Villeneuve,Wajdi Mouawad,"Lubna Azabal, Mélissa Désormeaux-Poulin, Maxim Gaudette"
102, Scarface,8.3,1983,2h 50m,R,"Miami in the 1980s: a determined criminal-minded Cuban immigrant becomes the biggest drug smuggler in Florida, and is eventually undone by his own drug addiction.",Brian De Palma,Oliver Stone,"Al Pacino, Michelle Pfeiffer, Steven Bauer"
103, North by Northwest,8.3,1959,2h 16m,Approved,"A New York City advertising executive goes on the run after being mistaken for a government agent by a group of foreign spies, and falls for a woman whose loyalties he begins to doubt.",Alfred Hitchcock,Ernest Lehman,"Cary Grant, Eva Marie Saint, James Mason"
104, Double Indemnity,8.3,1944,1h 47m,Approved,"An insurance representative is seduced by a dissatisfied housewife into a scheme of insurance fraud and murder that arouses the suspicion of his colleague, a claims investigator.",Billy Wilder,Billy Wilder,"Fred MacMurray, Barbara Stanwyck, Edward G. Robinson"
105, Citizen Kane,8.3,1941,1h 59m,PG,"Following the death of publishing tycoon Charles Foster Kane, reporters scramble to uncover the meaning of his final utterance: 'Rosebud.'",Orson Welles,Herman J. Mankiewicz,"Orson Welles, Joseph Cotten, Dorothy Comingore"
106, M,8.3,1931,1h 39m,Passed,"When the police in a German city are unable to catch a child-murderer, other criminals join in the manhunt.",Fritz Lang,Thea von Harbou,"Peter Lorre, Ellen Widmann, Inge Landgut"
107, Heat,8.3,1995,2h 50m,R,A group of high-end professional thieves start to feel the heat from the LAPD when they unknowingly leave a verbal clue at their latest heist.,Michael Mann,Michael Mann,"Al Pacino, Robert De Niro, Val Kilmer"
108, Vertigo,8.3,1958,2h 8m,PG,"A former San Francisco police detective juggles wrestling with his personal demons and becoming obsessed with the hauntingly beautiful woman he has been hired to trail, who may be deeply dis...Read all",Alfred Hitchcock,Alec Coppel,"James Stewart, Kim Novak, Barbara Bel Geddes"
109, Full Metal Jacket,8.2,1987,1h 56m,R,A pragmatic U.S. Marine observes the dehumanizing effects the Vietnam War has on his fellow recruits from their brutal boot camp training to the bloody street fighting in Hue.,Stanley Kubrick,Stanley Kubrick,"Matthew Modine, R. Lee Ermey, Vincent D'Onofrio"
110, Oppenheimer,8.3,2023,3h,R,"A dramatization of the life story of J. Robert Oppenheimer, the physicist who had a large hand in the development of the atomic bombs that brought an end to World War II.",Christopher Nolan,Christopher Nolan,"Cillian Murphy, Emily Blunt, Matt Damon"
111, Up,8.3,2009,1h 36m,PG,"78-year-old Carl Fredricksen travels to South America in his house equipped with balloons, inadvertently taking a young stowaway.",Pete Docter,Bob Peterson,"Edward Asner, Jordan Nagai, John Ratzenberger"
112, Amélie,8.3,2001,2h 2m,R,"Despite being caught in her imaginative world, young waitress Amelie decides to help people find happiness. Her quest to spread joy leads her on a journey during which she finds true love.",Jean-Pierre Jeunet,Guillaume Laurant,"Audrey Tautou, Mathieu Kassovitz, Rufus"
113, A Clockwork Orange,8.2,1971,2h 16m,R,Alex DeLarge and his droogs barbarize a decaying near-future.,Stanley Kubrick,Stanley Kubrick,"Malcolm McDowell, Patrick Magee, Michael Bates"
114, To Kill a Mockingbird,8.3,1962,2h 9m,Approved,A widowed lawyer in Depression-era Alabama defends a black man against a false rape charge while teaching his young children about the sad reality of prejudice.,Robert Mulligan,Harper Lee,"Gregory Peck, John Megna, Frank Overton"
115, A Separation,8.3,2011,2h 3m,PG-13,A married couple are faced with a difficult decision - to improve the life of their child by moving to another country or to stay in Iran and look after a deteriorating parent who has Alzhei...Read all,Asghar Farhadi,Asghar Farhadi,"Payman Maadi, Leila Hatami, Sareh Bayat"
116, The Sting,8.3,1973,2h 9m,PG,Two grifters team up to pull off the ultimate con.,George Roy Hill,David S. Ward,"Paul Newman, Robert Redford, Robert Shaw"
117, Die Hard,8.2,1988,2h 12m,R,A New York City police officer tries to save his estranged wife and several others taken hostage by terrorists during a Christmas party at the Nakatomi Plaza in Los Angeles.,John McTiernan,Roderick Thorp,"Bruce Willis, Alan Rickman, Bonnie Bedelia"
118, Indiana Jones and the Last Crusade,8.2,1989,2h 7m,PG-13,"In 1938, after his father goes missing while pursuing the Holy Grail, Indiana Jones finds himself up against the Nazis again to stop them from obtaining its powers.",Steven Spielberg,Jeffrey Boam,"Harrison Ford, Sean Connery, Alison Doody"
119, Like Stars on Earth,8.3,2007,2h 42m,PG,A young boy is thought to be nothing but a lazy troublemaker until the new art teacher has the patience and compassion to discover the real problem behind his struggles in school.,Aamir Khan,Amole Gupte,"Darsheel Safary, Aamir Khan, Tisca Chopra"
120, Metropolis,8.3,1927,2h 33m,Not Rated,"In a futuristic city sharply divided between the working class and the city planners, the son of the city's mastermind falls in love with a working-class prophet who predicts the coming of a...Read all",Fritz Lang,Thea von Harbou,"Brigitte Helm, Alfred Abel, Gustav Fröhlich"
121, Snatch,8.2,2000,1h 42m,R,"Unscrupulous boxing promoters, violent bookmakers, a Russian gangster, incompetent amateur robbers and supposedly Jewish jewelers fight to track down a priceless stolen diamond.",Guy Ritchie,Guy Ritchie,"Jason Statham, Brad Pitt, Stephen Graham"
122, 1917,8.2,2019,1h 59m,R,"April 6th, 1917. As an infantry battalion assembles to wage war deep in enemy territory, two soldiers are assigned to race against time and deliver a message that will stop 1,600 men from wa...Read all",Sam Mendes,Sam Mendes,"Dean-Charles Chapman, George MacKay, Daniel Mays"
123, L,8.2,1997,2h 18m,R,"As corruption grows in 1950s Los Angeles, three policemen - one strait-laced, one brutal, and one sleazy - investigate a series of murders with their own brand of justice.",Curtis Hanson,James Ellroy,"Kevin Spacey, Russell Crowe, Guy Pearce"
124, Bicycle Thieves,8.3,1948,1h 29m,Not Rated,"In post-war Italy, a working-class man's bicycle is stolen, endangering his efforts to find work. He and his son set out to find it.",Vittorio De Sica,Cesare Zavattini,"Lamberto Maggiorani, Enzo Staiola, Lianella Carell"
125, Downfall,8.2,2004,2h 36m,R,"Traudl Junge, the final secretary for Adolf Hitler, tells of the Nazi dictator's final days in his Berlin bunker at the end of WWII.",Oliver Hirschbiegel,Bernd Eichinger,"Bruno Ganz, Alexandra Maria Lara, Ulrich Matthes"
126, Taxi Driver,8.2,1976,1h 54m,R,"A mentally unstable veteran works as a nighttime taxi driver in New York City, where the perceived decadence and sleaze fuels his urge for violent action.",Martin Scorsese,Paul Schrader,"Robert De Niro, Jodie Foster, Cybill Shepherd"
127, Hamilton,8.3,2020,2h 40m,PG-13,"The real life of one of America's foremost founding fathers and first Secretary of the Treasury, Alexander Hamilton. Captured live on Broadway from the Richard Rodgers Theater with the origi...Read all",Thomas Kail,Lin-Manuel Miranda,"Lin-Manuel Miranda, Phillipa Soo, Leslie Odom Jr."
128, Dangal,8.3,2016,2h 41m,Not Rated,"Mahavir Singh Phogat, a former wrestler, decides to fulfill his dream of winning a gold medal for his country by training his daughters for the Commonwealth Games despite the existing social...Read all",Nitesh Tiwari,Piyush Gupta,"Aamir Khan, Sakshi Tanwar, Fatima Sana Shaikh"
129, The Wolf of Wall Street,8.2,2013,3h,R,"Based on the true story of Jordan Belfort, from his rise to a wealthy stock-broker living the high life to his fall involving crime, corruption and the federal government.",Martin Scorsese,Terence Winter,"Leonardo DiCaprio, Jonah Hill, Margot Robbie"
130, Batman Begins,8.2,2005,2h 20m,PG-13,"After witnessing his parents' death, Bruce learns the art of fighting to confront injustice. When he returns to Gotham as Batman, he must stop a secret society that intends to destroy the ci...Read all",Christopher Nolan,Bob Kane,"Christian Bale, Michael Caine, Ken Watanabe"
131, For a Few Dollars More,8.2,1965,2h 12m,R,Two bounty killers with similar intentions but different motivations team up to track down a psychotic Mexican outlaw before he and his gang can carry out an audacious bank robbery.,Sergio Leone,Sergio Leone,"Clint Eastwood, Lee Van Cleef, Gian Maria Volontè"
132, Green Book,8.2,2018,2h 10m,PG-13,A working-class Italian-American bouncer becomes the driver for an African-American classical pianist on a tour of venues through the 1960s American South.,Peter Farrelly,Nick Vallelonga,"Viggo Mortensen, Mahershala Ali, Linda Cardellini"
133, Some Like It Hot,8.2,1959,2h 1m,Approved,"After two male musicians witness a mob hit, they flee the state in an all-female band disguised as women, but further complications set in.",Billy Wilder,Billy Wilder,"Marilyn Monroe, Tony Curtis, Jack Lemmon"
134, The Truman Show,8.2,1998,1h 43m,PG,An insurance salesman discovers his whole life is actually a reality TV show.,Peter Weir,Andrew Niccol,"Jim Carrey, Ed Harris, Laura Linney"
135, Judgment at Nuremberg,8.3,1961,2h 59m,Approved,"Fictionalized depiction of the 1947 Judges' Trial, the third of twelve trials of Nazi war criminals conducted by the American occupying forces in Nuremberg, Germany, in which former judges o...Read all",Stanley Kramer,Abby Mann,"Spencer Tracy, Burt Lancaster, Richard Widmark"
136, The Kid,8.2,1921,1h 8m,Passed,"The Tramp cares for an abandoned child, but events put their relationship in jeopardy.",Charles Chaplin,Charles Chaplin,"Charles Chaplin, Edna Purviance, Jackie Coogan"
137, The Father,8.2,2020,1h 37m,PG-13,"A man refuses all assistance from his daughter as he ages. As he tries to make sense of his changing circumstances, he begins to doubt his loved ones, his own mind and even the fabric of his...Read all",Florian Zeller,Christopher Hampton,"Anthony Hopkins, Olivia Colman, Mark Gatiss"
138, Shutter Island,8.2,2010,2h 18m,R,Two US marshals are sent to a mental institution on an inhospitable island in order to investigate the disappearance of a patient.,Martin Scorsese,Laeta Kalogridis,"Leonardo DiCaprio, Emily Mortimer, Mark Ruffalo"
139, All About Eve,8.2,1950,2h 18m,Approved,A seemingly timid but secretly ruthless ingénue insinuates herself into the lives of an aging Broadway star and her circle of theater friends.,Joseph L. Mankiewicz,Joseph L. Mankiewicz,"Bette Davis, Anne Baxter, George Sanders"
140, There Will Be Blood,8.2,2007,2h 38m,R,"A story of family, religion, hatred, oil and madness, focusing on a turn-of-the-century prospector in the early days of the business.",Paul Thomas Anderson,Paul Thomas Anderson,"Daniel Day-Lewis, Paul Dano, Ciarán Hinds"
141, Jurassic Park,8.2,1993,2h 7m,PG-13,"An industrialist invites some experts to visit his theme park of cloned dinosaurs. After a power failure, the creatures run loose, putting everyone's lives, including his grandchildren's, in...Read all",Steven Spielberg,Michael Crichton,"Sam Neill, Laura Dern, Jeff Goldblum"
142, Casino,8.2,1995,2h 58m,R,"In Las Vegas, two best friends--a casino executive and a Mafia enforcer--compete for a gambling empire and a fast-living, fast-loving socialite.",Martin Scorsese,Nicholas Pileggi,"Robert De Niro, Sharon Stone, Joe Pesci"
143, Top Gun: Maverick,8.2,2022,2h 10m,PG-13,"The story involves Maverick confronting his past while training a group of younger Top Gun graduates, including the son of his deceased best friend, for a dangerous mission.",Joseph Kosinski,Jim Cash,"Tom Cruise, Jennifer Connelly, Miles Teller"
144, The Sixth Sense,8.2,1999,1h 47m,PG-13,A child psychologist starts treating a young boy with a disturbing secret.,M. Night Shyamalan,M. Night Shyamalan,"Bruce Willis, Haley Joel Osment, Toni Collette"
145, Ran,8.2,1985,2h 40m,R,"In Medieval Japan, an elderly warlord retires, handing over his empire to his three sons. However, he vastly underestimates how the new-found power will corrupt them and cause them to turn o...Read all",Akira Kurosawa,Akira Kurosawa,"Tatsuya Nakadai, Akira Terao, Jinpachi Nezu"
146, Pan's Labyrinth,8.2,2006,1h 58m,R,"In 1944 Spain, a girl is sent to live with her ruthless stepfather. During the night, she meets a fairy who takes her to an old faun. He tells her she's a princess, but must prove her royalt...Read all",Guillermo del Toro,Guillermo del Toro,"Ivana Baquero, Ariadna Gil, Sergi López"
147, No Country for Old Men,8.2,2007,2h 2m,R,Violence and mayhem ensue after a hunter stumbles upon the aftermath of a drug deal gone wrong and over two million dollars in cash near the Rio Grande.,Ethan Coen,Joel Coen,"Tommy Lee Jones, Javier Bardem, Josh Brolin"
148, Unforgiven,8.2,1992,2h 10m,R,Retired Old West gunslinger Will Munny reluctantly takes on one last job to avenge an injustice with the help of his old partner and a newer outlaw known simply as The Schofield Kid.,Clint Eastwood,David Webb Peoples,"Clint Eastwood, Gene Hackman, Morgan Freeman"
149, The Thing,8.2,1982,1h 49m,R,A research team in Antarctica is hunted by a shape-shifting alien that assumes the appearance of its victims.,John Carpenter,Bill Lancaster,"Kurt Russell, Wilford Brimley, Keith David"
150, A Beautiful Mind,8.2,2001,2h 15m,PG-13,"A mathematical genius, John Nash made an astonishing discovery early in his career and stood on the brink of international acclaim. But the handsome and arrogant Nash soon found himself on a...Read all",Ron Howard,Akiva Goldsman,"Russell Crowe, Ed Harris, Jennifer Connelly"
151, Kill Bill: Vol,8.2,2003,1h 51m,R,"After waking from a four-year coma, a former assassin wreaks vengeance on the team of assassins who betrayed her.",Quentin Tarantino,Quentin Tarantino,"Uma Thurman, David Carradine, Daryl Hannah"
152, The Treasure of the Sierra Madre,8.2,1948,2h 6m,Approved,Two down-on-their-luck Americans searching for work in 1920s Mexico convince an old prospector to help them mine for gold in the Sierra Madre Mountains.,John Huston,John Huston,"Humphrey Bogart, Walter Huston, Tim Holt"
153, Yojimbo,8.2,1961,1h 50m,Not Rated,A crafty ronin comes to a town divided by two criminal gangs and decides to play them against each other to free the town.,Akira Kurosawa,Akira Kurosawa,"Toshirô Mifune, Eijirô Tôno, Tatsuya Nakadai"
154, The Wild Robot,8.3,2024,1h 42m,PG,"After a shipwreck, an intelligent robot called Roz is stranded on an uninhabited island. To survive the harsh environment, Roz bonds with the island's animals and cares for an orphaned baby ...Read all",Chris Sanders,Chris Sanders,"Lupita Nyong'o, Pedro Pascal, Kit Connor"
155, Prisoners,8.2,2013,2h 33m,R,"Keller Dover is facing every parent's worst nightmare. His six-year-old daughter, Anna, is missing, together with her friend, Joy, and as minutes turn to hours, panic sets in. The only lead ...Read all",Denis Villeneuve,Aaron Guzikowski,"Hugh Jackman, Jake Gyllenhaal, Viola Davis"
156, Finding Nemo,8.2,2003,1h 40m,G,"After his son is captured in the Great Barrier Reef and taken to Sydney, a timid clownfish sets out on a journey to bring him home.",Andrew Stanton,Lee Unkrich,"Albert Brooks, Ellen DeGeneres, Alexander Gould"
157, The Great Escape,8.2,1963,2h 52m,Approved,Allied prisoners of war plan for several hundred of their men to escape from a German camp during World War II.,John Sturges,Paul Brickhill,"Steve McQueen, James Garner, Richard Attenborough"
158, Monty Python and the Holy Grail,8.2,1975,1h 31m,PG,"King Arthur and his Knights of the Round Table embark on a surreal, low-budget search for the Holy Grail, encountering many, very silly obstacles.",Terry Gilliam,Terry Jones,"Graham Chapman, John Cleese, Eric Idle"
159, Howl's Moving Castle,8.2,2004,1h 59m,PG,"When an unconfident young woman is cursed with an old body by a spiteful witch, her only chance of breaking the spell lies with a self-indulgent yet insecure young wizard and his companions ...Read all",Hayao Miyazaki,Hayao Miyazaki,"Chieko Baishô, Takuya Kimura, Tatsuya Gashûin"
160, The Elephant Man,8.2,1980,2h 4m,PG,"A Victorian surgeon rescues a heavily disfigured man who is mistreated while scraping a living as a side-show freak. Behind his monstrous façade, there is revealed a person of kindness, inte...Read all",David Lynch,Christopher De Vore,"Anthony Hopkins, John Hurt, Anne Bancroft"
161, Rashomon,8.2,1950,1h 28m,Not Rated,"The rape of a bride and the murder of her samurai husband are recalled from the perspectives of a bandit, the bride, the samurai's ghost and a woodcutter.",Akira Kurosawa,Ryûnosuke Akutagawa,"Toshirô Mifune, Machiko Kyô, Masayuki Mori"
162, Dial M for Murder,8.2,1954,1h 45m,PG,A former tennis star arranges the murder of his adulterous wife.,Alfred Hitchcock,Frederick Knott,"Ray Milland, Grace Kelly, Robert Cummings"
163, Gone with the Wind,8.2,1939,3h 58m,G,A sheltered and manipulative Southern belle and a roguish profiteer face off in a turbulent romance as the society around them crumbles with the end of slavery and is rebuilt during the Civi...Read all,Victor Fleming,George Cukor,"Clark Gable, Vivien Leigh, Thomas Mitchell"
164, Chinatown,8.1,1974,2h 10m,R,"A private detective hired to expose an adulterer in 1930s Los Angeles finds himself caught up in a web of deceit, corruption, and murder.",Roman Polanski,Robert Towne,"Jack Nicholson, Faye Dunaway, John Huston"
165, Demon Slayer: Kimetsu no Yaiba - Tsuzumi Mansion Arc,8.8,2021,1h 27m,N/A,Tanjiro ventures to the south-southeast where he encounters a cowardly young man named Zenitsu Agatsuma. He is a fellow survivor from Final Selection and his sparrow asks Tanjiro to help kee...Read all,Haruo Sotozaki,Koyoharu Gotouge,N/A
166, The Secret in Their Eyes,8.2,2009,2h 9m,R,A retired legal counselor writes a novel hoping to find closure for one of his past unresolved homicide cases and for his unreciprocated love with his superior - both of which still haunt hi...Read all,Juan José Campanella,Eduardo Sacheri,"Ricardo Darín, Soledad Villamil, Pablo Rago"
167," Lock, Stock and Two Smoking Barrels",8.1,1998,1h 47m,R,"When four small-time criminals lose a rigged poker game against a London kingpin, he gives them one week to settle their enormous debt.",Guy Ritchie,Guy Ritchie,"Jason Flemyng, Dexter Fletcher, Nick Moran"
168, Inside Out,8.1,2015,1h 35m,PG,"After young Riley is uprooted from her Midwest life and moved to San Francisco, her emotions - Joy, Fear, Anger, Disgust and Sadness - conflict on how best to navigate a new city, house, and...Read all",Pete Docter,Ronnie Del Carmen,"Amy Poehler, Bill Hader, Lewis Black"
169, V for Vendetta,8.1,2005,2h 12m,R,"In a future British dystopian society, a shadowy freedom fighter, known only by the alias of ""V"", plots to overthrow the tyrannical government - with the help of a young woman.",James McTeigue,Lilly Wachowski,"Hugo Weaving, Natalie Portman, Rupert Graves"
170," Three Billboards Outside Ebbing, Missouri",8.1,2017,1h 55m,R,A mother personally challenges the local authorities to solve her daughter's murder when they fail to catch the culprit.,Martin McDonagh,Martin McDonagh,"Frances McDormand, Woody Harrelson, Sam Rockwell"
171, Raging Bull,8.1,1980,2h 9m,R,"The life of boxer Jake LaMotta, whose violence and temper that led him to the top in the ring destroyed his life outside of it.",Martin Scorsese,Jake LaMotta,"Robert De Niro, Cathy Moriarty, Joe Pesci"
172, Klaus,8.2,2019,1h 36m,PG,"A simple act of kindness always sparks another, even in a frozen, faraway place. When Smeerensburg's new postman, Jesper, befriends toymaker Klaus, their gifts melt an age-old feud and deliv...Read all",Sergio Pablos,Carlos Martínez López,"Jason Schwartzman, J.K. Simmons, Rashida Jones"
173, The Bridge on the River Kwai,8.1,1957,2h 41m,PG,"British POWs are forced to build a railway bridge across the river Kwai for their Japanese captors in occupied Burma, not knowing that the allied forces are planning a daring commando raid t...Read all",David Lean,Pierre Boulle,"William Holden, Alec Guinness, Jack Hawkins"
174, Trainspotting,8.1,1996,1h 33m,R,"Renton, deeply immersed in the Edinburgh drug scene, tries to clean up and get out despite the allure of drugs and the influence of friends.",Danny Boyle,Irvine Welsh,"Ewan McGregor, Ewen Bremner, Jonny Lee Miller"
175, Catch Me If You Can,8.1,2002,2h 21m,PG-13,"Barely 17 yet, Frank is a skilled forger who has passed as a doctor, lawyer and pilot. FBI agent Carl becomes obsessed with tracking down the con man, who only revels in the pursuit.",Steven Spielberg,Frank Abagnale Jr.,"Leonardo DiCaprio, Tom Hanks, Christopher Walken"
176, Fargo,8.1,1996,1h 38m,R,Minnesota car salesman Jerry Lundegaard's inept crime falls apart due to his and his henchmen's bungling and the persistent police work of the quite pregnant Marge Gunderson.,Joel Coen,Ethan Coen,"William H. Macy, Frances McDormand, Steve Buscemi"
177, Warrior,8.1,2011,2h 20m,PG-13,"The youngest son of an alcoholic former boxer returns home, where he's trained by his father for competition in a mixed martial arts tournament - a path that puts the fighter on a collision ...Read all",Gavin O'Connor,Gavin O'Connor,"Tom Hardy, Nick Nolte, Joel Edgerton"
178, Spider-Man: No Way Home,8.2,2021,2h 28m,PG-13,"With Spider-Man's identity now revealed, Peter asks Doctor Strange for help. When a spell goes wrong, dangerous foes from other worlds start to appear.",Jon Watts,Chris McKenna,"Tom Holland, Zendaya, Benedict Cumberbatch"
179, Gran Torino,8.1,2008,1h 56m,R,"After a Hmong teenager tries to steal his prized 1972 Gran Torino, a disgruntled, prejudiced Korean War veteran seeks to redeem both the boy and himself.",Clint Eastwood,Nick Schenk,"Clint Eastwood, Bee Vang, Christopher Carley"
180, Harry Potter and the Deathly Hallows: Part 2,8.1,2011,2h 10m,PG-13,"As the battle between the forces of good and evil in the wizarding world escalates, Harry Potter draws ever closer to his final confrontation with Voldemort.",David Yates,Steve Kloves,"Daniel Radcliffe, Emma Watson, Rupert Grint"
181, Million Dollar Baby,8.1,2004,2h 12m,PG-13,"Frankie, an ill-tempered old coach, reluctantly agrees to train aspiring boxer Maggie. Impressed with her determination and talent, he helps her become the best and the two soon form a close...Read all",Clint Eastwood,Paul Haggis,"Hilary Swank, Clint Eastwood, Morgan Freeman"
182, My Neighbor Totoro,8.1,1988,1h 26m,G,"When two girls move to the country to be near their ailing mother, they have adventures with the wondrous forest spirits who live nearby.",Hayao Miyazaki,Hayao Miyazaki,"Hitoshi Takagi, Noriko Hidaka, Chika Sakamoto"
183, Mad Max: Fury Road,8.1,2015,2h,R,"In a post-apocalyptic wasteland, a woman rebels against a tyrannical ruler in search for her homeland with the aid of a group of female prisoners, a psychotic worshipper and a drifter named ...Read all",George Miller,George Miller,"Tom Hardy, Charlize Theron, Nicholas Hoult"
184, Ben-Hur,8.1,1959,3h 32m,G,"A Jewish prince is betrayed and sent into slavery by a Roman friend in 1st-century Jerusalem, but it's not long before he regains his freedom and comes back for revenge.",William Wyler,Lew Wallace,"Charlton Heston, Jack Hawkins, Stephen Boyd"
185, Children of Heaven,8.2,1997,1h 29m,PG,"After a boy loses his sister's pair of shoes, he goes on a series of adventures in order to find them. When he can't, he tries a new way to ""win"" a new pair.",Majid Majidi,Majid Majidi,"Mohammad Amir Naji, Amir Farrokh Hashemian, Bahare Seddiqi"
186, Barry Lyndon,8.1,1975,3h 5m,PG,An Irish rogue wins the heart of a rich widow and assumes her dead husband's aristocratic position in 18th-century England.,Stanley Kubrick,Stanley Kubrick,"Ryan O'Neal, Marisa Berenson, Patrick Magee"
187, 12 Years a Slave,8.1,2013,2h 14m,R,"In the antebellum United States, Solomon Northup, a free black man from upstate New York, is abducted and sold into slavery.",Steve McQueen,John Ridley,"Chiwetel Ejiofor, Michael Kenneth Williams, Michael Fassbender"
188, Blade Runner,8.1,1982,1h 57m,R,A blade runner must pursue and terminate four replicants who stole a ship in space and have returned to Earth to find their creator.,Ridley Scott,Hampton Fancher,"Harrison Ford, Rutger Hauer, Sean Young"
189, Before Sunrise,8.1,1995,1h 41m,R,"A young man and woman meet on a train in Europe, and wind up spending one evening together in Vienna. Unfortunately, both know that this will probably be their only night together.",Richard Linklater,Richard Linklater,"Ethan Hawke, Julie Delpy, Andrea Eckert"
190, The Grand Budapest Hotel,8.1,2014,1h 39m,R,"A writer encounters the owner of an aging high-class hotel, who tells him of his early years serving as a lobby boy in the hotel's glorious years under an exceptional concierge.",Wes Anderson,Stefan Zweig,"Ralph Fiennes, F. Murray Abraham, Mathieu Amalric"
191, Hacksaw Ridge,8.1,2016,2h 19m,R,"World War II American Army Medic Desmond T. Doss, serving during the Battle of Okinawa, refuses to kill people and becomes the first man in American history to receive the Medal of Honor wit...Read all",Mel Gibson,Robert Schenkkan,"Andrew Garfield, Sam Worthington, Luke Bracey"
192, Dead Poets Society,8.1,1989,2h 8m,PG,"Maverick teacher John Keating returns in 1959 to the prestigious New England boys' boarding school where he was once a star student, using poetry to embolden his pupils to new heights of sel...Read all",Peter Weir,Tom Schulman,"Robin Williams, Robert Sean Leonard, Ethan Hawke"
193, Gone Girl,8.1,2014,2h 29m,R,The husband of a missing woman becomes the chief suspect in her disappearance.,David Fincher,Gillian Flynn,"Ben Affleck, Rosamund Pike, Neil Patrick Harris"
194, Memories of Murder,8.1,2003,2h 12m,Not Rated,"In a small Korean province in 1986, two detectives struggle with the case of multiple young women being found raped and murdered by an unknown culprit.",Bong Joon Ho,Bong Joon Ho,"Song Kang-ho, Kim Sang-kyung, Kim Roe-ha"
195, Maharaja,8.5,2024,2h 21m,N/A,"A barber seeks vengeance after his home is burglarized, cryptically telling police his ""lakshmi"" has been taken, leaving them uncertain if it's a person or object. His quest to recover the e...Read all",Nithilan Saminathan,Nithilan Saminathan,"Vijay Sethupathi, Anurag Kashyap, Mamta Mohandas"
196, In the Name of the Father,8.1,1993,2h 13m,R,"An Irish man's coerced confession to an I.R.A. bombing he did not commit results in the imprisonment of his father as well. Meanwhile, a British lawyer fights to clear their names and free t...Read all",Jim Sheridan,Gerry Conlon,"Daniel Day-Lewis, Pete Postlethwaite, Alison Crosbie"
197, The Gold Rush,8.1,1925,1h 35m,Approved,"A prospector goes to the Klondike during the 1890s gold rush in hopes of making his fortune, and is smitten with a girl he sees in a dance hall.",Charles Chaplin,Charles Chaplin,"Charles Chaplin, Mack Swain, Tom Murray"
198," Monsters, Inc",8.1,2001,1h 32m,G,"In order to power the city, monsters have to scare children so that they scream. However, the children are toxic to the monsters, and after a child gets through, two monsters realize things ...Read all",Pete Docter,David Silverman,"Billy Crystal, John Goodman, Mary Gibbs"
199, Wild Tales,8.1,2014,2h 2m,R,Six short stories that explore the extremities of human behavior involving people in distress.,Damián Szifron,Julian Loyola,"Darío Grandinetti, María Marull, Mónica Villa"
200, Ratatouille,8.1,2007,1h 51m,G,A rat who can cook makes an unusual alliance with a young kitchen worker at a famous Paris restaurant.,Brad Bird,Jan Pinkava,"Brad Garrett, Lou Romano, Patton Oswalt"
201, How to Train Your Dragon,8.1,2010,1h 38m,PG,"A hapless young Viking who aspires to hunt dragons becomes the unlikely friend of a young dragon himself, and learns there may be more to the creatures than he assumed.",Dean DeBlois,Chris Sanders,"Jay Baruchel, Gerard Butler, Christopher Mintz-Plasse"
202, The Deer Hunter,8.1,1978,3h 3m,R,An in-depth examination of the ways in which the Vietnam War impacts and disrupts the lives of several friends in a small steel mill town in Pennsylvania.,Michael Cimino,Michael Cimino,"Robert De Niro, Christopher Walken, John Cazale"
203, Jaws,8.1,1975,2h 4m,PG,"When a massive killer shark unleashes chaos on a beach community off Long Island, it's up to a local sheriff, a marine biologist, and an old seafarer to hunt the beast down.",Steven Spielberg,Peter Benchley,"Roy Scheider, Robert Shaw, Richard Dreyfuss"
204, The General,8.1,1926,1h 18m,Passed,"After being rejected by the Confederate military, not realizing it was due to his crucial civilian role, an engineer must single-handedly recapture his beloved locomotive after it is seized ...Read all",Clyde Bruckman,Buster Keaton,"Buster Keaton, Marion Mack, Glen Cavender"
205, Sherlock Jr,8.2,1924,45m,Passed,"A film projectionist longs to be a detective, and puts his meagre skills to work when he is framed by a rival for stealing his girlfriend's father's pocketwatch.",Buster Keaton,Jean C. Havez,"Buster Keaton, Kathryn McGuire, Joe Keaton"
206, Mary and Max,8.1,2009,1h 32m,Not Rated,"In 1976 Melbourne, a lonely 8-year-old girl strikes up a correspondence with an unlikely pen pal: a severely obese 44-year-old New Yorker with Asperger's syndrome.",Adam Elliot,Adam Elliot,"Toni Collette, Philip Seymour Hoffman, Eric Bana"
207, On the Waterfront,8.1,1954,1h 48m,Approved,"An ex-prize fighter turned New Jersey longshoreman struggles to stand up to his corrupt union bosses, including his older brother, as he starts to connect with the grieving sister of one of ...Read all",Elia Kazan,Budd Schulberg,"Marlon Brando, Karl Malden, Lee J. Cobb"
208, The Wages of Fear,8.1,1953,2h 36m,Not Rated,"In a decrepit South American village, four men are hired to transport an urgent nitroglycerine shipment without the equipment that would make it safe.",Henri-Georges Clouzot,Georges Arnaud,"Yves Montand, Charles Vanel, Peter van Eyck"
209, Ford v Ferrari,8.1,2019,2h 32m,PG-13,American car designer Carroll Shelby and driver Ken Miles battle corporate interference and the laws of physics to build a revolutionary race car for Ford in order to defeat Ferrari at the 2...Read all,James Mangold,Jez Butterworth,"Matt Damon, Christian Bale, Jon Bernthal"
210, Mr,8.1,1939,2h 9m,Approved,"A naive youth leader is appointed to fill a vacancy in the U.S. Senate. His idealistic plans promptly collide with corruption at home and subterfuge from his hero in Washington, but he tries...Read all",Frank Capra,Sidney Buchman,"James Stewart, Jean Arthur, Claude Rains"
211, Wild Strawberries,8.1,1957,1h 32m,Not Rated,"After living a life marked by coldness, an aging professor is forced to confront the emptiness of his existence.",Ingmar Bergman,Ingmar Bergman,"Victor Sjöström, Bibi Andersson, Ingrid Thulin"
212, The Third Man,8.1,1949,1h 33m,Approved,"Pulp novelist Holly Martins travels to shadowy, postwar Vienna, only to find himself investigating the mysterious death of an old friend, Harry Lime.",Carol Reed,Graham Greene,"Orson Welles, Joseph Cotten, Alida Valli"
213, Logan,8.1,2017,2h 17m,R,"In a future where mutants are nearly extinct, an elderly and weary Logan leads a quiet life. But when Laura, a mutant child pursued by scientists, comes to him for help, he must get her to s...Read all",James Mangold,James Mangold,"Hugh Jackman, Patrick Stewart, Dafne Keen"
214, Rocky,8.1,1976,2h,PG,A small-time Philadelphia boxer gets a supremely rare chance to fight the world heavyweight champion in a bout in which he strives to go the distance for his self-respect.,John G. Avildsen,Sylvester Stallone,"Sylvester Stallone, Talia Shire, Burt Young"
215, Tokyo Story,8.1,1953,2h 16m,Not Rated,"An old couple visit their children and grandchildren in the city, but receive little attention.",Yasujirô Ozu,Kôgo Noda,"Chishû Ryû, Chieko Higashiyama, Sô Yamamura"
216, The Big Lebowski,8.1,1998,1h 57m,R,"Jeff ""The Dude"" Lebowski, mistaken for a millionaire of the same name, seeks restitution for his ruined rug and enlists his bowling buddies to help get it.",Joel Coen,Ethan Coen,"Jeff Bridges, John Goodman, Julianne Moore"
217, The Seventh Seal,8.1,1957,1h 36m,Not Rated,"A knight returning to Sweden after the Crusades seeks answers about life, death, and the existence of God as he plays chess against the Grim Reaper during the Black Plague.",Ingmar Bergman,Ingmar Bergman,"Max von Sydow, Gunnar Björnstrand, Bengt Ekerot"
218, Spotlight,8.1,2015,2h 9m,R,"The true story of how the Boston Globe uncovered the massive scandal of child molestation and cover-up within the local Catholic Archdiocese, shaking the entire Catholic Church to its core.",Tom McCarthy,Josh Singer,"Mark Ruffalo, Michael Keaton, Rachel McAdams"
219, Room,8.1,2015,1h 58m,R,"A little boy is held captive in a room with his mother since his birth, so he has never known the world outside.",Lenny Abrahamson,Emma Donoghue,"Brie Larson, Jacob Tremblay, Sean Bridgers"
220, The Terminator,8.1,1984,1h 47m,R,A cyborg assassin from the future attempts to find and kill a young woman who is destined to give birth to a warrior that will lead a resistance to save humankind from extinction.,James Cameron,James Cameron,"Arnold Schwarzenegger, Linda Hamilton, Michael Biehn"
221, Hotel Rwanda,8.1,2004,2h 1m,PG-13,"Paul Rusesabagina, a hotel manager, houses over a thousand Tutsi refugees during their struggle against the Hutu militia in Rwanda, Africa.",Terry George,Keir Pearson,"Don Cheadle, Sophie Okonedo, Joaquin Phoenix"
222, Platoon,8.1,1986,2h,R,"Chris Taylor, a neophyte recruit in Vietnam, finds himself caught in a battle of wills between two sergeants, one good and the other evil. A shrewd examination of the brutality of war and th...Read all",Oliver Stone,Oliver Stone,"Charlie Sheen, Tom Berenger, Willem Dafoe"
223, Pirates of the Caribbean: The Curse of the Black Pearl,8.1,2003,2h 23m,PG-13,"Blacksmith Will Turner teams up with eccentric pirate ""Captain"" Jack Sparrow to save Elizabeth Swann, the governor's daughter and his love, from Jack's former pirate allies, who are now unde...Read all",Gore Verbinski,Ted Elliott,"Johnny Depp, Geoffrey Rush, Orlando Bloom"
224, La haine,8.1,1995,1h 38m,Not Rated,24 hours in the lives of three young men in the French suburbs the day after a violent riot.,Mathieu Kassovitz,Mathieu Kassovitz,"Vincent Cassel, Hubert Koundé, Saïd Taghmaoui"
225, Jai Bhim,8.7,2021,2h 44m,Approved,"When a tribal man is arrested for a case of alleged theft, his wife turns to a human-rights lawyer to help bring justice.",T.J. Gnanavel,T.J. Gnanavel,"Suriya, Lijo Mol Jose, Manikandan K."
226, Before Sunset,8.1,2004,1h 20m,R,"Nine years after Jesse and Celine first met, they encounter each other again on the French leg of Jesse's book tour.",Richard Linklater,Richard Linklater,"Ethan Hawke, Julie Delpy, Vernon Dobtcheff"
227, The Best Years of Our Lives,8.1,1946,2h 50m,Approved,"Three World War II veterans, two of them traumatized or disabled, return home to the American midwest to discover that they and their families have been irreparably changed.",William Wyler,Robert E. Sherwood,"Myrna Loy, Dana Andrews, Fredric March"
228, The Passion of Joan of Arc,8.1,1928,1h 54m,Passed,"In 1431, Jeanne d'Arc is placed on trial on charges of heresy. The ecclesiastical jurists attempt to force Jeanne to recant her claims of holy visions.",Carl Theodor Dreyer,Joseph Delteil,"Maria Falconetti, Eugene Silvain, André Berley"
229, The Exorcist,8.1,1973,2h 2m,R,"When a mysterious entity possesses a young girl, her mother seeks the help of two Catholic priests to save her life.",William Friedkin,William Peter Blatty,"Ellen Burstyn, Max von Sydow, Linda Blair"
230, The Wizard of Oz,8.1,1939,1h 42m,G,"Young Dorothy Gale and her dog Toto are swept away by a tornado from their Kansas farm to the magical Land of Oz and embark on a quest with three new friends to see the Wizard, who can retur...Read all",Victor Fleming,King Vidor,"Judy Garland, Frank Morgan, Ray Bolger"
231, Rush,8.1,2013,2h 3m,R,"James Hunt and Niki Lauda, two extremely skilled Formula One racers, have an intense rivalry with each other. However, it is their enmity that pushes them to their limits.",Ron Howard,Peter Morgan,"Daniel Brühl, Chris Hemsworth, Olivia Wilde"
232, The Incredibles,8.0,2004,1h 55m,PG,"While trying to lead a quiet suburban life, a family of undercover superheroes are forced into action to save the world.",Brad Bird,Brad Bird,"Craig T. Nelson, Samuel L. Jackson, Holly Hunter"
233, Network,8.1,1976,2h 1m,R,"A television network cynically exploits a deranged former anchor's ravings and revelations about mass media for its own profit, but finds that his message may be difficult to control.",Sidney Lumet,Paddy Chayefsky,"Faye Dunaway, William Holden, Peter Finch"
234, Stand by Me,8.1,1986,1h 29m,R,A writer recounts a childhood journey with his friends to find the body of a missing boy.,Rob Reiner,Stephen King,"Wil Wheaton, River Phoenix, Corey Feldman"
235, Hachi: A Dog's Tale,8.1,2009,1h 33m,G,"Professor Wilson discovers a lost Akita puppy on his way home. Despite objections from his wife, Hachi endears himself to the family and grows to be Parker's loyal companion. As their bond g...Read all",Lasse Hallström,Stephen P. Lindsey,"Richard Gere, Joan Allen, Cary-Hiroyuki Tagawa"
236, A Man Escaped,8.2,1956,1h 41m,Not Rated,A captured French Resistance fighter during World War II engineers a daunting escape from a German prison in France.,Robert Bresson,André Devigny,"François Leterrier, Charles Le Clainche, Maurice Beerblock"
237, The Sound of Music,8.1,1965,2h 52m,G,A young novice is sent by her convent in 1930s Austria to become a governess to the seven children of a widowed naval officer.,Robert Wise,Georg Hurdalek,"Julie Andrews, Christopher Plummer, Eleanor Parker"
238, My Father and My Son,8.2,2005,1h 52m,Not Rated,The family of a left-wing journalist is torn apart after the military coup of Turkey in 1980.,Çagan Irmak,Çagan Irmak,"Çetin Tekindor, Fikret Kuskan, Hümeyra"
239, The Handmaiden,8.1,2016,2h 25m,Not Rated,"In 1930s Korea, a girl is hired as a handmaiden to a Japanese heiress who lives a secluded life on a countryside estate. But the maid has a secret: She is a pickpocket recruited by a swindle...Read all",Park Chan-wook,Sarah Waters,"Kim Min-hee, Ha Jung-woo, Cho Jin-woong"
240, To Be or Not to Be,8.1,1942,1h 39m,Approved,"During the German occupation of Poland, an acting troupe becomes embroiled in a Polish soldier's efforts to track down a German spy.",Ernst Lubitsch,Melchior Lengyel,"Carole Lombard, Jack Benny, Robert Stack"
241, The Battle of Algiers,8.1,1966,2h 1m,Not Rated,"In the 1950s, fear and violence escalate as the people of Algiers fight for independence from the French government.",Gillo Pontecorvo,Franco Solinas,"Brahim Hadjadj, Jean Martin, Yacef Saadi"
242, Into the Wild,8.1,2007,2h 28m,R,"After graduating from Emory University, top student and athlete Christopher McCandless abandons his possessions, gives his entire $24,000 savings account to charity and hitchhikes to Alaska ...Read all",Sean Penn,Sean Penn,"Emile Hirsch, Vince Vaughn, Catherine Keener"
243, The Iron Giant,8.1,1999,1h 26m,PG,A young boy befriends a giant robot from outer space that a paranoid government agent wants to destroy.,Brad Bird,Tim McCanlies,"Eli Marienthal, Harry Connick Jr., Jennifer Aniston"
244, The Grapes of Wrath,8.1,1940,2h 9m,Approved,"An Oklahoma family, driven off their farm by the poverty and hopelessness of the Dust Bowl, joins the westward migration to California, suffering the misfortunes of the homeless in the Great...Read all",John Ford,Nunnally Johnson,"Henry Fonda, Jane Darwell, John Carradine"
245, Groundhog Day,8.0,1993,1h 41m,PG,"A narcissistic, self-centered weatherman finds himself in a time loop on Groundhog Day.",Harold Ramis,Danny Rubin,"Bill Murray, Andie MacDowell, Chris Elliott"
246, Amores Perros,8.0,2000,2h 34m,R,"An amateur dog fighter, a supermodel, and a derelict assassin, all separately struggling to find love, find their lives transformed by a devastating car wreck in Mexico City.",Alejandro G. Iñárritu,Guillermo Arriaga,"Emilio Echevarría, Gael García Bernal, Goya Toledo"
247, Rebecca,8.1,1940,2h 10m,Approved,A self-conscious woman juggles adjusting to her new role as an aristocrat's wife and avoiding being intimidated by his first wife's spectral presence.,Alfred Hitchcock,Daphne Du Maurier,"Laurence Olivier, Joan Fontaine, George Sanders"
248, The Help,8.1,2011,2h 26m,PG-13,"An aspiring author during the civil rights movement of the 1960s decides to write a book detailing the African American maids' point of view on the white families for which they work, and th...Read all",Tate Taylor,Tate Taylor,"Viola Davis, Emma Stone, Octavia Spencer"
249, Cool Hand Luke,8.0,1967,2h 7m,Approved,"A laid-back Southern man is sentenced to two years in a rural prison, but refuses to conform.",Stuart Rosenberg,Donn Pearce,"Paul Newman, George Kennedy, Strother Martin"
250, A Silent Voice: The Movie,8.1,2016,2h 10m,Not Rated,"A deaf girl, Shoko, is bullied by the popular Shoya. As Shoya continues to bully Shoko, the class turns its back on him. Shoko transfers and Shoya grows up as an outcast. Alone and depressed...Read all",Taichi Ishidate,Naoko Yamada,"Miyu Irino, Saori Hayami, Aoi Yûki"
